Region	Province	File	URL WMIT	URL IGM	Data IGM	Latest
Abruzzo	Chieti	CH_dbsn_8m2P9S.zip	https://workspace.wikimedia.it/s/bH4JeSy9bZP8WJC/download	https://www.igmi.org/scaricamento_dbsn_database/v202308/CH_dbsn_8m2P9S.zip	2023-08-21	no
Abruzzo	Chieti	CH_dbsn_2025-07-28.zip	TODO	https://www.igmi.org/scaricamento_dbsn_database/v202507_1/CH_dbsn_2025-07-28.zip	2025-07-28	yes
Abruzzo	L'Aquila	AQ_dbsn_6q3G1s.zip	https://workspace.wikimedia.it/s/FaDdjGxQ8aoS9rf/download	https://www.igmi.org/scaricamento_dbsn_database/v202308/AQ_dbsn_6q3G1s.zip	2023-08-21	no
Abruzzo	L'Aquila	AQ_dbsn_2025-07-28.zip	TODO	https://www.igmi.org/scaricamento_dbsn_database/v202507_1/AQ_dbsn_2025-07-28.zip	2025-07-28	yes
Abruzzo	Pescara	PE_dbsn_2d0d5g.zip	https://workspace.wikimedia.it/s/T3YNPDEyHq4N9FL/download	https://www.igmi.org/scaricamento_dbsn_database/v202308/PE_dbsn_2d0d5g.zip	2023-08-21	no
Abruzzo	Pescara	PE_dbsn_2025-07-28.zip	TODO	https://www.igmi.org/scaricamento_dbsn_database/v202507_1/PE_dbsn_2025-07-28.zip	2025-07-28	yes
Abruzzo	Teramo	TE_dbsn_8l7p6a.zip	https://workspace.wikimedia.it/s/5ok3Ce78F7pNgWi/download	https://www.igmi.org/scaricamento_dbsn_database/v202308/TE_dbsn_8l7p6a.zip	2023-08-21	no
Abruzzo	Teramo	TE_dbsn_2025-07-28.zip	TODO	https://www.igmi.org/scaricamento_dbsn_database/v202507_1/TE_dbsn_2025-07-28.zip	2025-07-28	yes
Basilicata	Matera	MT_dbsn_4A0h1n.zip	https://workspace.wikimedia.it/s/rwPNq8DyMaLAdBK/download	https://www.igmi.org/scaricamento_dbsn_database/v202308/MT_dbsn_4A0h1n.zip	2023-08-21	no
Basilicata	Matera	MT_dbsn_2025-07-28.zip	TODO	https://www.igmi.org/scaricamento_dbsn_database/v202507_1/MT_dbsn_2025-07-28.zip	2025-07-28	yes
Basilicata	Potenza	PZ_dbsn_1T6A4U.zip	https://workspace.wikimedia.it/s/LJ5N9b2rN5nKeqr/download	https://www.igmi.org/scaricamento_dbsn_database/v202308/PZ_dbsn_1T6A4U.zip	2023-08-21	no
Basilicata	Potenza	PZ_dbsn_2025-07-28.zip	TODO	https://www.igmi.org/scaricamento_dbsn_database/v202507_1/PZ_dbsn_2025-07-28.zip	2025-07-28	yes
Calabria	Catanzaro	CZ_dbsn_2L2v9T.zip	https://workspace.wikimedia.it/s/yq8FQnLNaetKTKH/download	https://www.igmi.org/scaricamento_dbsn_database/v202308/CZ_dbsn_2L2v9T.zip	2023-08-21	no
Calabria	Catanzaro	CZ_dbsn_2025-07-28.zip	TODO	https://www.igmi.org/scaricamento_dbsn_database/v202507_1/CZ_dbsn_2025-07-28.zip	2025-07-28	yes
Calabria	Cosenza	CS_dbsn_9j8v7u.zip	https://workspace.wikimedia.it/s/zbSpXNgyWNjSN2q/download	https://www.igmi.org/scaricamento_dbsn_database/v202308/CS_dbsn_9j8v7u.zip	2023-08-21	no
Calabria	Cosenza	CS_dbsn_2025-07-28.zip	TODO	https://www.igmi.org/scaricamento_dbsn_database/v202507_1/CS_dbsn_2025-07-28.zip	2025-07-28	yes
Calabria	Crotone	KR_dbsn_0r2O7f.zip	https://workspace.wikimedia.it/s/4gsyQwE99qgX8PQ/download	https://www.igmi.org/scaricamento_dbsn_database/v202308/KR_dbsn_0r2O7f.zip	2023-08-21	no
Calabria	Crotone	KR_dbsn_2025-07-28.zip	TODO	https://www.igmi.org/scaricamento_dbsn_database/v202507_1/KR_dbsn_2025-07-28.zip	2025-07-28	yes
Calabria	Reggio di Calabria	RC_dbsn_4C7K0v.zip	https://workspace.wikimedia.it/s/nKAPgTfSDwoM76q/download	https://www.igmi.org/scaricamento_dbsn_database/v202308/RC_dbsn_4C7K0v.zip	2023-08-21	no
Calabria	Reggio di Calabria	RC_dbsn_2025-07-28.zip	TODO	https://www.igmi.org/scaricamento_dbsn_database/v202507_1/RC_dbsn_2025-07-28.zip	2025-07-28	yes
Calabria	Vibo Valentia	VV_dbsn_4C0G7I.zip	https://workspace.wikimedia.it/s/YEnqYdRcFYjb4tz/download	https://www.igmi.org/scaricamento_dbsn_database/v202308/VV_dbsn_4C0G7I.zip	2023-08-21	no
Calabria	Vibo Valentia	VV_dbsn_2025-07-28.zip	TODO	https://www.igmi.org/scaricamento_dbsn_database/v202507_1/VV_dbsn_2025-07-28.zip	2025-07-28	yes
Campania	Avellino	AV_dbsn_0T9y2u.zip	https://workspace.wikimedia.it/s/GHYdFymHpbSwac7/download	https://www.igmi.org/scaricamento_dbsn_database/v202308/AV_dbsn_0T9y2u.zip	2023-08-21	no
Campania	Avellino	AV_dbsn_2025-07-28.zip	TODO	https://www.igmi.org/scaricamento_dbsn_database/v202507_1/AV_dbsn_2025-07-28.zip	2025-07-28	yes
Campania	Benevento	BN_dbsn_9Z1U9H.zip	https://workspace.wikimedia.it/s/DBTpT4R3nSTRqKR/download	https://www.igmi.org/scaricamento_dbsn_database/v202308/BN_dbsn_9Z1U9H.zip	2023-08-21	no
Campania	Benevento	BN_dbsn_2025-07-28.zip	TODO	https://www.igmi.org/scaricamento_dbsn_database/v202507_1/BN_dbsn_2025-07-28.zip	2025-07-28	yes
Campania	Caserta	CE_dbsn_8E8w9j.zip	https://workspace.wikimedia.it/s/AemZFFgCZq4Je6i/download	https://www.igmi.org/scaricamento_dbsn_database/v202308/CE_dbsn_8E8w9j.zip	2023-08-21	no
Campania	Caserta	CE_dbsn_2025-07-28.zip	TODO	https://www.igmi.org/scaricamento_dbsn_database/v202507_1/CE_dbsn_2025-07-28.zip	2025-07-28	yes
Campania	Napoli	NA_dbsn_0Q6X4N.zip	https://workspace.wikimedia.it/s/WfiSQ4iJmjtBwgR/download	https://www.igmi.org/scaricamento_dbsn_database/v202308/NA_dbsn_0Q6X4N.zip	2023-08-21	no
Campania	Napoli	NA_dbsn_2025-07-28.zip	TODO	https://www.igmi.org/scaricamento_dbsn_database/v202507_1/NA_dbsn_2025-07-28.zip	2025-07-28	yes
Campania	Salerno	SA_dbsn_3D2L2m.zip	https://workspace.wikimedia.it/s/fMbYRqz2zjX4j2Q/download	https://www.igmi.org/scaricamento_dbsn_database/v202308/SA_dbsn_3D2L2m.zip	2023-08-21	no
Campania	Salerno	SA_dbsn_2025-07-28.zip	TODO	https://www.igmi.org/scaricamento_dbsn_database/v202507_1/SA_dbsn_2025-07-28.zip	2025-07-28	yes
Emilia-Romagna	Bologna	BO_dbsn_3J0M0f.zip	https://workspace.wikimedia.it/s/cL4kpNngJ9r5mga/download	https://www.igmi.org/scaricamento_dbsn_database/v202308/BO_dbsn_3J0M0f.zip	2023-08-21	no
Emilia-Romagna	Bologna	BO_dbsn_2025-07-28.zip	TODO	https://www.igmi.org/scaricamento_dbsn_database/v202507_1/BO_dbsn_2025-07-28.zip	2025-07-28	yes
Emilia-Romagna	Ferrara	FE_dbsn_6l2Z6x.zip	https://workspace.wikimedia.it/s/KQTyjoPSMc4toqz/download	https://www.igmi.org/scaricamento_dbsn_database/v202308/FE_dbsn_6l2Z6x.zip	2023-08-21	no
Emilia-Romagna	Ferrara	FE_dbsn_2025-07-28.zip	TODO	https://www.igmi.org/scaricamento_dbsn_database/v202507_1/FE_dbsn_2025-07-28.zip	2025-07-28	yes
Emilia-Romagna	Forli'-Cesena	FC_dbsn_3N3H0u.zip	https://workspace.wikimedia.it/s/jSxFx4gjJ6F6Xoe/download	https://www.igmi.org/scaricamento_dbsn_database/v202308/FC_dbsn_3N3H0u.zip	2023-08-21	no
Emilia-Romagna	Forli'-Cesena	FC_dbsn_2025-07-28.zip	TODO	https://www.igmi.org/scaricamento_dbsn_database/v202507_1/FC_dbsn_2025-07-28.zip	2025-07-28	yes
Emilia-Romagna	Modena	MO_dbsn_1z8t1l.zip	https://workspace.wikimedia.it/s/om68PL3yzNjFpxg/download	https://www.igmi.org/scaricamento_dbsn_database/v202308/MO_dbsn_1z8t1l.zip	2023-08-21	no
Emilia-Romagna	Modena	MO_dbsn_2025-07-28.zip	TODO	https://www.igmi.org/scaricamento_dbsn_database/v202507_1/MO_dbsn_2025-07-28.zip	2025-07-28	yes
Emilia-Romagna	Parma	PR_dbsn_4J0E3N.zip	https://workspace.wikimedia.it/s/bxtnq6fP5e33iC6/download	https://www.igmi.org/scaricamento_dbsn_database/v202308/PR_dbsn_4J0E3N.zip	2023-08-21	no
Emilia-Romagna	Parma	PR_dbsn_2025-07-28.zip	TODO	https://www.igmi.org/scaricamento_dbsn_database/v202507_1/PR_dbsn_2025-07-28.zip	2025-07-28	yes
Emilia-Romagna	Piacenza	PC_dbsn_9N1E3y.zip	https://workspace.wikimedia.it/s/j5eLqELsqQceYxz/download	https://www.igmi.org/scaricamento_dbsn_database/v202308/PC_dbsn_9N1E3y.zip	2023-08-21	no
Emilia-Romagna	Piacenza	PC_dbsn_2025-07-28.zip	TODO	https://www.igmi.org/scaricamento_dbsn_database/v202507_1/PC_dbsn_2025-07-28.zip	2025-07-28	yes
Emilia-Romagna	Ravenna	RA_dbsn_4G3X0S.zip	https://workspace.wikimedia.it/s/3SMQQe2c7HyxTd2/download	https://www.igmi.org/scaricamento_dbsn_database/v202308/RA_dbsn_4G3X0S.zip	2023-08-21	no
Emilia-Romagna	Ravenna	RA_dbsn_2025-07-28.zip	TODO	https://www.igmi.org/scaricamento_dbsn_database/v202507_1/RA_dbsn_2025-07-28.zip	2025-07-28	yes
Emilia-Romagna	Reggio nell'Emilia	RE_dbsn_5V1L1E.zip	https://workspace.wikimedia.it/s/GMjMk7wLf2NwWLX/download	https://www.igmi.org/scaricamento_dbsn_database/v202308/RE_dbsn_5V1L1E.zip	2023-08-21	no
Emilia-Romagna	Reggio nell'Emilia	RE_dbsn_2025-07-28.zip	TODO	https://www.igmi.org/scaricamento_dbsn_database/v202507_1/RE_dbsn_2025-07-28.zip	2025-07-28	yes
Emilia-Romagna	Rimini	RN_dbsn_6l6I9R.zip	https://workspace.wikimedia.it/s/fDPxtzNYaTqnpEy/download	https://www.igmi.org/scaricamento_dbsn_database/v202308/RN_dbsn_6l6I9R.zip	2023-08-21	no
Emilia-Romagna	Rimini	RN_dbsn_2025-07-28.zip	TODO	https://www.igmi.org/scaricamento_dbsn_database/v202507_1/RN_dbsn_2025-07-28.zip	2025-07-28	yes
Friuli Venezia Giulia	Gorizia	GO_dbsn_2c4N0E.zip	https://workspace.wikimedia.it/s/zW4J76fta3fLQoH/download	https://www.igmi.org/scaricamento_dbsn_database/v202507/GO_dbsn_2c4N0E.zip	2025-06-27	no
Friuli Venezia Giulia	Gorizia	GO_dbsn_2025-07-28.zip	TODO	https://www.igmi.org/scaricamento_dbsn_database/v202507_1/GO_dbsn_2025-07-28.zip	2025-07-28	yes
Friuli Venezia Giulia	Pordenone	PN_dbsn_4v9H4l.zip	https://workspace.wikimedia.it/s/8ferxMGyBQ3fT2Q/download	https://www.igmi.org/scaricamento_dbsn_database/v202507/PN_dbsn_4v9H4l.zip	2025-06-27	no
Friuli Venezia Giulia	Pordenone	PN_dbsn_2025-07-28.zip	TODO	https://www.igmi.org/scaricamento_dbsn_database/v202507_1/PN_dbsn_2025-07-28.zip	2025-07-28	yes
Friuli Venezia Giulia	Trieste	TS_dbsn_6U3r2e.zip	https://workspace.wikimedia.it/s/L9rLfNmZJFy5JZ5/download	https://www.igmi.org/scaricamento_dbsn_database/v202507/TS_dbsn_6U3r2e.zip	2025-06-27	no
Friuli Venezia Giulia	Trieste	TS_dbsn_2025-07-28.zip	TODO	https://www.igmi.org/scaricamento_dbsn_database/v202507_1/TS_dbsn_2025-07-28.zip	2025-07-28	yes
Friuli Venezia Giulia	Udine	UD_dbsn_9t0G2L.zip	https://workspace.wikimedia.it/s/QzHnPtCx4KYKSyq/download	https://www.igmi.org/scaricamento_dbsn_database/v202507/UD_dbsn_9t0G2L.zip	2025-06-27	no
Friuli Venezia Giulia	Udine	UD_dbsn_2025-07-28.zip	TODO	https://www.igmi.org/scaricamento_dbsn_database/v202507_1/UD_dbsn_2025-07-28.zip	2025-07-28	yes
Lazio	Frosinone	FR_dbsn_3u6X5K.zip	https://workspace.wikimedia.it/s/CwLxdPx7m39BJAk/download	https://www.igmi.org/scaricamento_dbsn_database/v202308/FR_dbsn_3u6X5K.zip	2023-08-21	no
Lazio	Frosinone	FR_dbsn_2025-09-02.zip	TODO	https://www.igmi.org/scaricamento_dbsn_database/v202507_1/FR_dbsn_2025-09-02.zip	2025-09-02	yes
Lazio	Latina	LT_dbsn_4h4v6h.zip	https://workspace.wikimedia.it/s/DkMD4MkqgtpxZeC/download	https://www.igmi.org/scaricamento_dbsn_database/v202308/LT_dbsn_4h4v6h.zip	2023-08-21	no
Lazio	Latina	LT_dbsn_2025-09-02.zip	TODO	https://www.igmi.org/scaricamento_dbsn_database/v202507_1/LT_dbsn_2025-09-02.zip	2025-09-02	yes
Lazio	Rieti	RI_dbsn_6l6x3t.zip	https://workspace.wikimedia.it/s/t9596Hra9RxbZgy/download	https://www.igmi.org/scaricamento_dbsn_database/v202308/RI_dbsn_6l6x3t.zip	2023-08-21	no
Lazio	Rieti	RI_dbsn_2025-09-02.zip	TODO	https://www.igmi.org/scaricamento_dbsn_database/v202507_1/RI_dbsn_2025-09-02.zip	2025-09-02	yes
Lazio	Roma	RM_dbsn_11D4n.zip	https://workspace.wikimedia.it/s/EkSxnXEfDfNDsPB/download	https://www.igmi.org/scaricamento_dbsn_database/v202308/RM_dbsn_11D4n.zip	2023-08-21	no
Lazio	Roma	RM_dbsn_2025-09-02.zip	TODO	https://www.igmi.org/scaricamento_dbsn_database/v202507_1/RM_dbsn_2025-09-02.zip	2025-09-02	yes
Lazio	Viterbo	VT_dbsn_96k5w.zip	https://workspace.wikimedia.it/s/T9z7FgQZw3rGw8D/download	https://www.igmi.org/scaricamento_dbsn_database/v202308/VT_dbsn_96k5w.zip	2023-08-21	no
Lazio	Viterbo	VT_dbsn_2025-09-02.zip	TODO	https://www.igmi.org/scaricamento_dbsn_database/v202507_1/VT_dbsn_2025-09-02.zip	2025-09-02	yes
Liguria	Genova	GE_dbsn_04j5E.zip	https://workspace.wikimedia.it/s/J4oaq7wEMf2qiii/download	https://www.igmi.org/scaricamento_dbsn_database/v202507/GE_dbsn_04j5E.zip	2025-06-27	no
Liguria	Genova	GE_dbsn_2025-07-28.zip	TODO	https://www.igmi.org/scaricamento_dbsn_database/v202507_1/GE_dbsn_2025-07-28.zip	2025-07-28	yes
Liguria	Imperia	IM_dbsn_7K2G6i.zip	https://workspace.wikimedia.it/s/WN73snsS96AL7Jg/download	https://www.igmi.org/scaricamento_dbsn_database/v202507/IM_dbsn_7K2G6i.zip	2025-06-27	no
Liguria	Imperia	IM_dbsn_2025-07-28.zip	TODO	https://www.igmi.org/scaricamento_dbsn_database/v202507_1/IM_dbsn_2025-07-28.zip	2025-07-28	yes
Liguria	La Spezia	SP_dbsn_0s2Z7G.zip	https://workspace.wikimedia.it/s/s6DFHRQtPQpQj68/download	https://www.igmi.org/scaricamento_dbsn_database/v202507/SP_dbsn_0s2Z7G.zip	2025-06-27	no
Liguria	La Spezia	SP_dbsn_2025-07-28.zip	TODO	https://www.igmi.org/scaricamento_dbsn_database/v202507_1/SP_dbsn_2025-07-28.zip	2025-07-28	yes
Liguria	Savona	SV_dbsn_1h1m4J.zip	https://workspace.wikimedia.it/s/wxZPGjYY4CFtgDC/download	https://www.igmi.org/scaricamento_dbsn_database/v202507/SV_dbsn_1h1m4J.zip	2025-06-27	no
Liguria	Savona	SV_dbsn_2025-07-28.zip	TODO	https://www.igmi.org/scaricamento_dbsn_database/v202507_1/SV_dbsn_2025-07-28.zip	2025-07-28	yes
Lombardia	Bergamo	BG_dbsn_6X9L1u.zip	https://workspace.wikimedia.it/s/PgD9bESDnW7k9xJ/download	https://www.igmi.org/scaricamento_dbsn_database/v202507/BG_dbsn_6X9L1u.zip	2025-06-27	no
Lombardia	Bergamo	BG_dbsn_2025-07-28.zip	TODO	https://www.igmi.org/scaricamento_dbsn_database/v202507_1/BG_dbsn_2025-07-28.zip	2025-07-28	yes
Lombardia	Brescia	BS_dbsn_8I2o4u.zip	https://workspace.wikimedia.it/s/kFQZ9GCiN2aJoNY/download	https://www.igmi.org/scaricamento_dbsn_database/v202507/BS_dbsn_8I2o4u.zip	2025-06-27	no
Lombardia	Brescia	BS_dbsn_2025-07-28.zip	TODO	https://www.igmi.org/scaricamento_dbsn_database/v202507_1/BS_dbsn_2025-07-28.zip	2025-07-28	yes
Lombardia	Como	CO_dbsn_5q1o6U.zip	https://workspace.wikimedia.it/s/3w4NWdMYBbYQqeb/download	https://www.igmi.org/scaricamento_dbsn_database/v202507/CO_dbsn_5q1o6U.zip	2025-06-27	no
Lombardia	Como	CO_dbsn_2025-07-28.zip	TODO	https://www.igmi.org/scaricamento_dbsn_database/v202507_1/CO_dbsn_2025-07-28.zip	2025-07-28	yes
Lombardia	Cremona	CR_dbsn_8M4O6G.zip	https://workspace.wikimedia.it/s/aHqBf3GYBdwM9sE/download	https://www.igmi.org/scaricamento_dbsn_database/v202507/CR_dbsn_8M4O6G.zip	2025-06-27	no
Lombardia	Cremona	CR_dbsn_2025-07-28.zip	TODO	https://www.igmi.org/scaricamento_dbsn_database/v202507_1/CR_dbsn_2025-07-28.zip	2025-07-28	yes
Lombardia	Lecco	LC_dbsn_1E4J2A.zip	https://workspace.wikimedia.it/s/yPNwscTo8Zi5Zc3/download	https://www.igmi.org/scaricamento_dbsn_database/v202507/LC_dbsn_1E4J2A.zip	2025-06-27	no
Lombardia	Lecco	LC_dbsn_2025-07-28.zip	TODO	https://www.igmi.org/scaricamento_dbsn_database/v202507_1/LC_dbsn_2025-07-28.zip	2025-07-28	yes
Lombardia	Lodi	LO_dbsn_6H1X6w.zip	https://workspace.wikimedia.it/s/jLs7xqQEaAwnz3G/download	https://www.igmi.org/scaricamento_dbsn_database/v202507/LO_dbsn_6H1X6w.zip	2025-06-27	no
Lombardia	Lodi	LO_dbsn_2025-07-28.zip	TODO	https://www.igmi.org/scaricamento_dbsn_database/v202507_1/LO_dbsn_2025-07-28.zip	2025-07-28	yes
Lombardia	Mantova	MN_dbsn_2U7X1R.zip	https://workspace.wikimedia.it/s/4YkPJHsg3KgFKAz/download	https://www.igmi.org/scaricamento_dbsn_database/v202507/MN_dbsn_2U7X1R.zip	2025-06-27	no
Lombardia	Mantova	MN_dbsn_2025-07-28.zip	TODO	https://www.igmi.org/scaricamento_dbsn_database/v202507_1/MN_dbsn_2025-07-28.zip	2025-07-28	yes
Lombardia	Milano	MI_dbsn_3b3F1A.zip	https://workspace.wikimedia.it/s/egDPaz7twpNgHHj/download	https://www.igmi.org/scaricamento_dbsn_database/v202507/MI_dbsn_3b3F1A.zip	2025-06-27	no
Lombardia	Milano	MI_dbsn_2025-07-28.zip	TODO	https://www.igmi.org/scaricamento_dbsn_database/v202507_1/MI_dbsn_2025-07-28.zip	2025-07-28	yes
Lombardia	Monza e della Brianza	MB_dbsn_0H8Z9D.zip	https://workspace.wikimedia.it/s/FJz3N79Rqn7JKaN/download	https://www.igmi.org/scaricamento_dbsn_database/v202507/MB_dbsn_0H8Z9D.zip	2025-06-27	no
Lombardia	Monza e della Brianza	MB_dbsn_2025-07-28.zip	TODO	https://www.igmi.org/scaricamento_dbsn_database/v202507_1/MB_dbsn_2025-07-28.zip	2025-07-28	yes
Lombardia	Pavia	PV_dbsn_2O6M7M.zip	https://workspace.wikimedia.it/s/BQy46RkZtox2LS7/download	https://www.igmi.org/scaricamento_dbsn_database/v202507/PV_dbsn_2O6M7M.zip	2025-06-27	no
Lombardia	Pavia	PV_dbsn_2025-07-28.zip	TODO	https://www.igmi.org/scaricamento_dbsn_database/v202507_1/PV_dbsn_2025-07-28.zip	2025-07-28	yes
Lombardia	Sondrio	SO_dbsn_6Q3b3e.zip	https://workspace.wikimedia.it/s/aJKPjbt2kkc795Y/download	https://www.igmi.org/scaricamento_dbsn_database/v202507/SO_dbsn_6Q3b3e.zip	2025-06-27	no
Lombardia	Sondrio	SO_dbsn_2025-07-28.zip	TODO	https://www.igmi.org/scaricamento_dbsn_database/v202507_1/SO_dbsn_2025-07-28.zip	2025-07-28	yes
Lombardia	Varese	VA_dbsn_6O3E6l.zip	https://workspace.wikimedia.it/s/9cQysw6bwXbGAQJ/download	https://www.igmi.org/scaricamento_dbsn_database/v202507/VA_dbsn_6O3E6l.zip	2025-06-27	no
Lombardia	Varese	VA_dbsn_2025-07-28.zip	TODO	https://www.igmi.org/scaricamento_dbsn_database/v202507_1/VA_dbsn_2025-07-28.zip	2025-07-28	yes
Marche	Ancona	AN_dbsn_6M9t1B.zip	https://workspace.wikimedia.it/s/Z7BqLDPFxtPG2T2/download	https://www.igmi.org/scaricamento_dbsn_database/v202308/AN_dbsn_6M9t1B.zip	2023-08-21	no
Marche	Ancona	AN_dbsn_2025-07-28.zip	TODO	https://www.igmi.org/scaricamento_dbsn_database/v202507_1/AN_dbsn_2025-07-28.zip	2025-07-28	yes
Marche	Ascoli Piceno	AP_dbsn_8H2i4o.zip	https://workspace.wikimedia.it/s/rdLAtAdQ7iPrMMB/download	https://www.igmi.org/scaricamento_dbsn_database/v202308/AP_dbsn_8H2i4o.zip	2023-08-21	no
Marche	Ascoli Piceno	AP_dbsn_2025-07-28.zip	TODO	https://www.igmi.org/scaricamento_dbsn_database/v202507_1/AP_dbsn_2025-07-28.zip	2025-07-28	yes
Marche	Fermo	FM_dbsn_6G3b7s.zip	https://workspace.wikimedia.it/s/Pedjf99axtyP4nS/download	https://www.igmi.org/scaricamento_dbsn_database/v202308/FM_dbsn_6G3b7s.zip	2023-08-21	no
Marche	Fermo	FM_dbsn_2025-07-28.zip	TODO	https://www.igmi.org/scaricamento_dbsn_database/v202507_1/FM_dbsn_2025-07-28.zip	2025-07-28	yes
Marche	Macerata	MC_dbsn_7f4r1m.zip	https://workspace.wikimedia.it/s/Z2yoCHpdbbJ6BDJ/download	https://www.igmi.org/scaricamento_dbsn_database/v202308/MC_dbsn_7f4r1m.zip	2023-08-21	no
Marche	Macerata	MC_dbsn_2025-07-28.zip	TODO	https://www.igmi.org/scaricamento_dbsn_database/v202507_1/MC_dbsn_2025-07-28.zip	2025-07-28	yes
Marche	Pesaro e Urbino	PU_dbsn_9b6G3v.zip	https://workspace.wikimedia.it/s/RjJbnGpyX5WCc4N/download	https://www.igmi.org/scaricamento_dbsn_database/v202308/PU_dbsn_9b6G3v.zip	2023-08-21	no
Marche	Pesaro e Urbino	PU_dbsn_2025-07-28.zip	TODO	https://www.igmi.org/scaricamento_dbsn_database/v202507_1/PU_dbsn_2025-07-28.zip	2025-07-28	yes
Molise	Campobasso	CB_dbsn_96Y0D.zip	https://workspace.wikimedia.it/s/T9Jzm5BXwxRpMiN/download	https://www.igmi.org/scaricamento_dbsn_database/v202308/CB_dbsn_96Y0D.zip	2023-08-21	no
Molise	Campobasso	CB_dbsn_2025-07-28.zip	TODO	https://www.igmi.org/scaricamento_dbsn_database/v202507_1/CB_dbsn_2025-07-28.zip	2025-07-28	yes
Molise	Isernia	IS_dbsn_0G5c6T.zip	https://workspace.wikimedia.it/s/N9AgMzRSSKQ9yon/download	https://www.igmi.org/scaricamento_dbsn_database/v202308/IS_dbsn_0G5c6T.zip	2023-08-21	no
Molise	Isernia	IS_dbsn_2025-07-28.zip	TODO	https://www.igmi.org/scaricamento_dbsn_database/v202507_1/IS_dbsn_2025-07-28.zip	2025-07-28	yes
Piemonte	Alessandria	AL_dbsn_3v8v2C.zip	https://workspace.wikimedia.it/s/fX4bgHwdcNST6zn/download	https://www.igmi.org/scaricamento_dbsn_database/v202507/AL_dbsn_3v8v2C.zip	2025-06-27	no
Piemonte	Alessandria	AL_dbsn_2025-07-28.zip	TODO	https://www.igmi.org/scaricamento_dbsn_database/v202507_1/AL_dbsn_2025-07-28.zip	2025-07-28	yes
Piemonte	Asti	AT_dbsn_1N8X5s.zip	https://workspace.wikimedia.it/s/xnXeKx8PczqnNgr/download	https://www.igmi.org/scaricamento_dbsn_database/v202507/AT_dbsn_1N8X5s.zip	2025-06-27	no
Piemonte	Asti	AT_dbsn_2025-07-28.zip	TODO	https://www.igmi.org/scaricamento_dbsn_database/v202507_1/AT_dbsn_2025-07-28.zip	2025-07-28	yes
Piemonte	Biella	BI_dbsn_1s4S7a.zip	https://workspace.wikimedia.it/s/kgKewpJkb2C2G4J/download	https://www.igmi.org/scaricamento_dbsn_database/v202507/BI_dbsn_1s4S7a.zip	2025-06-27	no
Piemonte	Biella	BI_dbsn_2025-07-28.zip	TODO	https://www.igmi.org/scaricamento_dbsn_database/v202507_1/BI_dbsn_2025-07-28.zip	2025-07-28	yes
Piemonte	Cuneo	CN_dbsn_8J3t2N.zip	https://workspace.wikimedia.it/s/6kdkrxEQiEwiTEB/download	https://www.igmi.org/scaricamento_dbsn_database/v202507/CN_dbsn_8J3t2N.zip	2025-06-27	no
Piemonte	Cuneo	CN_dbsn_2025-07-28.zip	TODO	https://www.igmi.org/scaricamento_dbsn_database/v202507_1/CN_dbsn_2025-07-28.zip	2025-07-28	yes
Piemonte	Novara	NO_dbsn_7V2p6L.zip	https://workspace.wikimedia.it/s/8Xzkot7KacC6SMz/download	https://www.igmi.org/scaricamento_dbsn_database/v202507/NO_dbsn_7V2p6L.zip	2025-06-27	no
Piemonte	Novara	NO_dbsn_2025-07-28.zip	TODO	https://www.igmi.org/scaricamento_dbsn_database/v202507_1/NO_dbsn_2025-07-28.zip	2025-07-28	yes
Piemonte	Torino	TO_dbsn_1C8i4j.zip	https://workspace.wikimedia.it/s/kd62P6r9rSHQr3o/download	https://www.igmi.org/scaricamento_dbsn_database/v202507/TO_dbsn_1C8i4j.zip	2025-06-27	no
Piemonte	Torino	TO_dbsn_2025-07-28.zip	TODO	https://www.igmi.org/scaricamento_dbsn_database/v202507_1/TO_dbsn_2025-07-28.zip	2025-07-28	yes
Piemonte	Verbano-Cusio-Ossola	VB_dbsn_1l6F3N.zip	https://workspace.wikimedia.it/s/Ne5oH94FY4Jpp9z/download	https://www.igmi.org/scaricamento_dbsn_database/v202507/VB_dbsn_1l6F3N.zip	2025-06-27	no
Piemonte	Verbano-Cusio-Ossola	VB_dbsn_2025-07-28.zip	TODO	https://www.igmi.org/scaricamento_dbsn_database/v202507_1/VB_dbsn_2025-07-28.zip	2025-07-28	yes
Piemonte	Vercelli	VC_dbsn_1h5V8g.zip	https://workspace.wikimedia.it/s/KPGHTitZbLSkQaP/download	https://www.igmi.org/scaricamento_dbsn_database/v202507/VC_dbsn_1h5V8g.zip	2025-06-27	no
Piemonte	Vercelli	VC_dbsn_2025-07-28.zip	TODO	https://www.igmi.org/scaricamento_dbsn_database/v202507_1/VC_dbsn_2025-07-28.zip	2025-07-28	yes
Puglia	Bari	BA_dbsn_8j4o4b.zip	https://workspace.wikimedia.it/s/Hr7JiHdMP6X4atE/download	https://www.igmi.org/scaricamento_dbsn_database/v202308/BA_dbsn_8j4o4b.zip	2023-08-21	no
Puglia	Bari	BA_dbsn_2025-07-28.zip	TODO	https://www.igmi.org/scaricamento_dbsn_database/v202507_1/BA_dbsn_2025-07-28.zip	2025-07-28	yes
Puglia	Barletta-Andria-Trani	BT_dbsn_8b3D8v.zip	https://workspace.wikimedia.it/s/kN3jwbECe9HHJ7L/download	https://www.igmi.org/scaricamento_dbsn_database/v202308/BT_dbsn_8b3D8v.zip	2023-08-21	no
Puglia	Barletta-Andria-Trani	BT_dbsn_2025-07-28.zip	TODO	https://www.igmi.org/scaricamento_dbsn_database/v202507_1/BT_dbsn_2025-07-28.zip	2025-07-28	yes
Puglia	Brindisi	BR_dbsn_2B4U0g.zip	https://workspace.wikimedia.it/s/oNYk9CaWHpZSyLR/download	https://www.igmi.org/scaricamento_dbsn_database/v202308/BR_dbsn_2B4U0g.zip	2023-08-21	no
Puglia	Brindisi	BR_dbsn_2025-07-28.zip	TODO	https://www.igmi.org/scaricamento_dbsn_database/v202507_1/BR_dbsn_2025-07-28.zip	2025-07-28	yes
Puglia	Foggia	FG_dbsn_7v5d0y.zip	https://workspace.wikimedia.it/s/QWAEpGTPXcSa232/download	https://www.igmi.org/scaricamento_dbsn_database/v202308/FG_dbsn_7v5d0y.zip	2023-08-21	no
Puglia	Foggia	FG_dbsn_2025-07-28.zip	TODO	https://www.igmi.org/scaricamento_dbsn_database/v202507_1/FG_dbsn_2025-07-28.zip	2025-07-28	yes
Puglia	Lecce	LE_dbsn_6G1b1w.zip	https://workspace.wikimedia.it/s/qGRRMsHq5TW4SXo/download	https://www.igmi.org/scaricamento_dbsn_database/v202308/LE_dbsn_6G1b1w.zip	2023-08-21	no
Puglia	Lecce	LE_dbsn_2025-07-28.zip	TODO	https://www.igmi.org/scaricamento_dbsn_database/v202507_1/LE_dbsn_2025-07-28.zip	2025-07-28	yes
Puglia	Taranto	TA_dbsn_3C9O5a.zip	https://workspace.wikimedia.it/s/9AbybCDJ6HYGXf7/download	https://www.igmi.org/scaricamento_dbsn_database/v202308/TA_dbsn_3C9O5a.zip	2023-08-21	no
Puglia	Taranto	TA_dbsn_2025-07-28.zip	TODO	https://www.igmi.org/scaricamento_dbsn_database/v202507_1/TA_dbsn_2025-07-28.zip	2025-07-28	yes
San Marino	San Marino	SMR_dbsn_7s0U5t.zip	https://workspace.wikimedia.it/s/cW49wipws939nyb/download	https://www.igmi.org/scaricamento_dbsn_database/v202308/SMR_dbsn_7s0U5t.zip	2023-08-21	no
San Marino	San Marino	SMR_dbsn_2025-07-28.zip	TODO	https://www.igmi.org/scaricamento_dbsn_database/v202507_1/SMR_dbsn_2025-07-28.zip	2025-07-28	yes
Sardegna	Cagliari	CA_dbsn_7f1D9k.zip	https://workspace.wikimedia.it/s/Gj8BQ5p6tibYT8B/download	https://www.igmi.org/scaricamento_dbsn_database/v202308/CA_dbsn_7f1D9k.zip	2023-08-21	no
Sardegna	Cagliari	CA_dbsn_2025-07-28.zip	TODO	https://www.igmi.org/scaricamento_dbsn_database/v202507_1/CA_dbsn_2025-07-28.zip	2025-07-28	yes
Sardegna	Nuoro	NU_dbsn_3h5e0S.zip	https://workspace.wikimedia.it/s/RRPa87A4gaC8DwG/download	https://www.igmi.org/scaricamento_dbsn_database/v202308/NU_dbsn_3h5e0S.zip	2023-08-21	no
Sardegna	Nuoro	NU_dbsn_2025-07-28.zip	TODO	https://www.igmi.org/scaricamento_dbsn_database/v202507_1/NU_dbsn_2025-07-28.zip	2025-07-28	yes
Sardegna	Oristano	OR_dbsn_8n0T7J.zip	https://workspace.wikimedia.it/s/zrdoKsWbgZQdmsw/download	https://www.igmi.org/scaricamento_dbsn_database/v202308/OR_dbsn_8n0T7J.zip	2023-08-21	no
Sardegna	Oristano	OR_dbsn_2025-07-28.zip	TODO	https://www.igmi.org/scaricamento_dbsn_database/v202507_1/OR_dbsn_2025-07-28.zip	2025-07-28	yes
Sardegna	Sassari	SS_dbsn_1W5Q4m.zip	https://workspace.wikimedia.it/s/aWpT4xmkrKEFaBJ/download	https://www.igmi.org/scaricamento_dbsn_database/v202308/SS_dbsn_1W5Q4m.zip	2023-08-21	no
Sardegna	Sassari	SS_dbsn_2025-07-28.zip	TODO	https://www.igmi.org/scaricamento_dbsn_database/v202507_1/SS_dbsn_2025-07-28.zip	2025-07-28	yes
Sardegna	Sud Sardegna	SU_dbsn_0G3D5F.zip	https://workspace.wikimedia.it/s/cEwcDn8A3EEXLBy/download	https://www.igmi.org/scaricamento_dbsn_database/v202308/SU_dbsn_0G3D5F.zip	2023-08-21	no
Sardegna	Sud Sardegna	SU_dbsn_2025-07-28.zip	TODO	https://www.igmi.org/scaricamento_dbsn_database/v202507_1/SU_dbsn_2025-07-28.zip	2025-07-28	yes
Sicilia	Agrigento	AG_dbsn_1d0K3z.zip	https://workspace.wikimedia.it/s/EFoDDF4SQ2kgWrm/download	https://www.igmi.org/scaricamento_dbsn_database/v202308/AG_dbsn_1d0K3z.zip	2023-08-21	no
Sicilia	Agrigento	AG_dbsn_2025-07-28.zip	TODO	https://www.igmi.org/scaricamento_dbsn_database/v202507_1/AG_dbsn_2025-07-28.zip	2025-07-28	yes
Sicilia	Caltanissetta	CL_dbsn_8u0c7H.zip	https://workspace.wikimedia.it/s/GmrCNEAXygEpXgH/download	https://www.igmi.org/scaricamento_dbsn_database/v202308/CL_dbsn_8u0c7H.zip	2023-08-21	no
Sicilia	Caltanissetta	CL_dbsn_2025-07-28.zip	TODO	https://www.igmi.org/scaricamento_dbsn_database/v202507_1/CL_dbsn_2025-07-28.zip	2025-07-28	yes
Sicilia	Catania	CT_dbsn_8z1W8Z.zip	https://workspace.wikimedia.it/s/BfzCcpF7FXerffW/download	https://www.igmi.org/scaricamento_dbsn_database/v202308/CT_dbsn_8z1W8Z.zip	2023-08-21	no
Sicilia	Catania	CT_dbsn_2025-07-28.zip	TODO	https://www.igmi.org/scaricamento_dbsn_database/v202507_1/CT_dbsn_2025-07-28.zip	2025-07-28	yes
Sicilia	Enna	EN_dbsn_7k6o0X.zip	https://workspace.wikimedia.it/s/raaM2SbrLWFcXdj/download	https://www.igmi.org/scaricamento_dbsn_database/v202308/EN_dbsn_7k6o0X.zip	2023-08-21	no
Sicilia	Enna	EN_dbsn_2025-07-28.zip	TODO	https://www.igmi.org/scaricamento_dbsn_database/v202507_1/EN_dbsn_2025-07-28.zip	2025-07-28	yes
Sicilia	Messina	ME_dbsn_3E8f4H.zip	https://workspace.wikimedia.it/s/agQBa9WQZ2jaSGN/download	https://www.igmi.org/scaricamento_dbsn_database/v202308/ME_dbsn_3E8f4H.zip	2023-08-21	no
Sicilia	Messina	ME_dbsn_2025-07-28.zip	TODO	https://www.igmi.org/scaricamento_dbsn_database/v202507_1/ME_dbsn_2025-07-28.zip	2025-07-28	yes
Sicilia	Palermo	PA_dbsn_4k1G7i.zip	https://workspace.wikimedia.it/s/8j82XRKirWc5Xwp/download	https://www.igmi.org/scaricamento_dbsn_database/v202308/PA_dbsn_4k1G7i.zip	2023-08-21	no
Sicilia	Palermo	PA_dbsn_2025-07-28.zip	TODO	https://www.igmi.org/scaricamento_dbsn_database/v202507_1/PA_dbsn_2025-07-28.zip	2025-07-28	yes
Sicilia	Ragusa	RG_dbsn_0o1x1S.zip	https://workspace.wikimedia.it/s/RWmCizTQQL9D6k9/download	https://www.igmi.org/scaricamento_dbsn_database/v202308/RG_dbsn_0o1x1S.zip	2023-08-21	no
Sicilia	Ragusa	RG_dbsn_2025-07-28.zip	TODO	https://www.igmi.org/scaricamento_dbsn_database/v202507_1/RG_dbsn_2025-07-28.zip	2025-07-28	yes
Sicilia	Siracusa	SR_dbsn_3d07x.zip	https://workspace.wikimedia.it/s/8o6Cxw8bgZxtRMy/download	https://www.igmi.org/scaricamento_dbsn_database/v202308/SR_dbsn_3d07x.zip	2023-08-21	no
Sicilia	Siracusa	SR_dbsn_2025-07-28.zip	TODO	https://www.igmi.org/scaricamento_dbsn_database/v202507_1/SR_dbsn_2025-07-28.zip	2025-07-28	yes
Sicilia	Trapani	TP_dbsn_0Z1F4A.zip	https://workspace.wikimedia.it/s/Nk4Q3956dFHsiyc/download	https://www.igmi.org/scaricamento_dbsn_database/v202308/TP_dbsn_0Z1F4A.zip	2023-08-21	no
Sicilia	Trapani	TP_dbsn_2025-07-28.zip	TODO	https://www.igmi.org/scaricamento_dbsn_database/v202507_1/TP_dbsn_2025-07-28.zip	2025-07-28	yes
Toscana	Arezzo	AR_dbsn_0X5Q1z.zip	https://workspace.wikimedia.it/s/CNgJiZoBi3BBx56/download	https://www.igmi.org/scaricamento_dbsn_database/v202308/AR_dbsn_0X5Q1z.zip	2023-08-21	no
Toscana	Arezzo	AR_dbsn_2025-07-28.zip	TODO	https://www.igmi.org/scaricamento_dbsn_database/v202507_1/AR_dbsn_2025-07-28.zip	2025-07-28	yes
Toscana	Firenze	FI_dbsn_8E7J4c.zip	https://workspace.wikimedia.it/s/LXXZLyw8XYoKnRf/download	https://www.igmi.org/scaricamento_dbsn_database/v202308/FI_dbsn_8E7J4c.zip	2023-08-21	no
Toscana	Firenze	FI_dbsn_2025-07-28.zip	TODO	https://www.igmi.org/scaricamento_dbsn_database/v202507_1/FI_dbsn_2025-07-28.zip	2025-07-28	yes
Toscana	Grosseto	GR_dbsn_8z0Y7v.zip	https://workspace.wikimedia.it/s/b4xHWBwyBe6batT/download	https://www.igmi.org/scaricamento_dbsn_database/v202308/GR_dbsn_8z0Y7v.zip	2023-08-21	no
Toscana	Grosseto	GR_dbsn_2025-07-28.zip	TODO	https://www.igmi.org/scaricamento_dbsn_database/v202507_1/GR_dbsn_2025-07-28.zip	2025-07-28	yes
Toscana	Livorno	LI_dbsn_5z2t7u.zip	https://workspace.wikimedia.it/s/M7ncfwYQysWzebW/download	https://www.igmi.org/scaricamento_dbsn_database/v202308/LI_dbsn_5z2t7u.zip	2023-08-21	no
Toscana	Livorno	LI_dbsn_2025-07-28.zip	TODO	https://www.igmi.org/scaricamento_dbsn_database/v202507_1/LI_dbsn_2025-07-28.zip	2025-07-28	yes
Toscana	Lucca	LU_dbsn_6T5T9T.zip	https://workspace.wikimedia.it/s/X59NzczfjjF7dZJ/download	https://www.igmi.org/scaricamento_dbsn_database/v202308/LU_dbsn_6T5T9T.zip	2023-08-21	no
Toscana	Lucca	LU_dbsn_2025-07-28.zip	TODO	https://www.igmi.org/scaricamento_dbsn_database/v202507_1/LU_dbsn_2025-07-28.zip	2025-07-28	yes
Toscana	Massa Carrara	MS_dbsn_6G3R1V.zip	https://workspace.wikimedia.it/s/SzwQ8XNopyZqZe7/download	https://www.igmi.org/scaricamento_dbsn_database/v202308/MS_dbsn_6G3R1V.zip	2023-08-21	no
Toscana	Massa Carrara	MS_dbsn_2025-07-28.zip	TODO	https://www.igmi.org/scaricamento_dbsn_database/v202507_1/MS_dbsn_2025-07-28.zip	2025-07-28	yes
Toscana	Pisa	PI_dbsn_7M6v4b.zip	https://workspace.wikimedia.it/s/zW9fSDn4kNfAXFT/download	https://www.igmi.org/scaricamento_dbsn_database/v202308/PI_dbsn_7M6v4b.zip	2023-08-21	no
Toscana	Pisa	PI_dbsn_2025-07-28.zip	TODO	https://www.igmi.org/scaricamento_dbsn_database/v202507_1/PI_dbsn_2025-07-28.zip	2025-07-28	yes
Toscana	Pistoia	PT_dbsn_1t3L4A.zip	https://workspace.wikimedia.it/s/S6R6334FR7H8mR7/download	https://www.igmi.org/scaricamento_dbsn_database/v202308/PT_dbsn_1t3L4A.zip	2023-08-21	no
Toscana	Pistoia	PT_dbsn_2025-07-28.zip	TODO	https://www.igmi.org/scaricamento_dbsn_database/v202507_1/PT_dbsn_2025-07-28.zip	2025-07-28	yes
Toscana	Prato	PO_dbsn_7l3b5C.zip	https://workspace.wikimedia.it/s/pSaCnAZ2gD5qxyF/download	https://www.igmi.org/scaricamento_dbsn_database/v202308/PO_dbsn_7l3b5C.zip	2023-08-21	no
Toscana	Prato	PO_dbsn_2025-07-28.zip	TODO	https://www.igmi.org/scaricamento_dbsn_database/v202507_1/PO_dbsn_2025-07-28.zip	2025-07-28	yes
Toscana	Siena	SI_dbsn_6I0i4F.zip	https://workspace.wikimedia.it/s/QGaBDk78RWzmFf6/download	https://www.igmi.org/scaricamento_dbsn_database/v202308/SI_dbsn_6I0i4F.zip	2023-08-21	no
Toscana	Siena	SI_dbsn_2025-07-28.zip	TODO	https://www.igmi.org/scaricamento_dbsn_database/v202507_1/SI_dbsn_2025-07-28.zip	2025-07-28	yes
Trentino-Alto Adige	Bolzano	BZ_dbsn_2H4n3h.zip	https://workspace.wikimedia.it/s/rCdamwz6fmSGgtN/download	https://www.igmi.org/scaricamento_dbsn_database/v202507/BZ_dbsn_2H4n3h.zip	2025-06-27	no
Trentino-Alto Adige	Bolzano	BZ_dbsn_2025-07-28.zip	TODO	https://www.igmi.org/scaricamento_dbsn_database/v202507_1/BZ_dbsn_2025-07-28.zip	2025-07-28	yes
Trentino-Alto Adige	Trento	TN_dbsn_7D6D8W.zip	https://workspace.wikimedia.it/s/5wGR68RDsDJaaxS/download	https://www.igmi.org/scaricamento_dbsn_database/v202507/TN_dbsn_7D6D8W.zip	2025-06-27	no
Trentino-Alto Adige	Trento	TN_dbsn_2025-07-28.zip	TODO	https://www.igmi.org/scaricamento_dbsn_database/v202507_1/TN_dbsn_2025-07-28.zip	2025-07-28	yes
Umbria	Perugia	PG_dbsn_4n2D1P.zip	https://workspace.wikimedia.it/s/4KNLHFJyzHDNT2i/download	https://www.igmi.org/scaricamento_dbsn_database/v202308/PG_dbsn_4n2D1P.zip	2023-08-21	no
Umbria	Perugia	PG_dbsn_2025-07-28.zip	TODO	https://www.igmi.org/scaricamento_dbsn_database/v202507_1/PG_dbsn_2025-07-28.zip	2025-07-28	yes
Umbria	Terni	TR_dbsn_5L0w7W.zip	https://workspace.wikimedia.it/s/frXXtXgtqtLNcrn/download	https://www.igmi.org/scaricamento_dbsn_database/v202308/TR_dbsn_5L0w7W.zip	2023-08-21	no
Umbria	Terni	TR_dbsn_2025-07-28.zip	TODO	https://www.igmi.org/scaricamento_dbsn_database/v202507_1/TR_dbsn_2025-07-28.zip	2025-07-28	yes
Valle d'Aosta	Aosta	AO_dbsn_9M0s3j.zip	https://workspace.wikimedia.it/s/p2asYWTr8jJyggA/download	https://www.igmi.org/scaricamento_dbsn_database/v202507/AO_dbsn_9M0s3j.zip	2025-06-27	no
Valle d'Aosta	Aosta	AO_dbsn_2025-07-28.zip	TODO	https://www.igmi.org/scaricamento_dbsn_database/v202507_1/AO_dbsn_2025-07-28.zip	2025-07-28	yes
Veneto	Belluno	BL_dbsn_0j6A1a.zip	https://workspace.wikimedia.it/s/WYyoyFjotMd8Wpx/download	https://www.igmi.org/scaricamento_dbsn_database/v202507/BL_dbsn_0j6A1a.zip	2025-06-27	no
Veneto	Belluno	BL_dbsn_2025-07-28.zip	TODO	https://www.igmi.org/scaricamento_dbsn_database/v202507_1/BL_dbsn_2025-07-28.zip	2025-07-28	yes
Veneto	Padova	PD_dbsn_5a1H0T.zip	https://workspace.wikimedia.it/s/Y8LocpCmkZMz3Pk/download	https://www.igmi.org/scaricamento_dbsn_database/v202507/PD_dbsn_5a1H0T.zip	2025-06-27	no
Veneto	Padova	PD_dbsn_2025-07-28.zip	TODO	https://www.igmi.org/scaricamento_dbsn_database/v202507_1/PD_dbsn_2025-07-28.zip	2025-07-28	yes
Veneto	Rovigo	RO_dbsn_9i1C9G.zip	https://workspace.wikimedia.it/s/B9momDmWXy3Ty9Y/download	https://www.igmi.org/scaricamento_dbsn_database/v202507/RO_dbsn_9i1C9G.zip	2025-06-27	no
Veneto	Rovigo	RO_dbsn_2025-07-28.zip	TODO	https://www.igmi.org/scaricamento_dbsn_database/v202507_1/RO_dbsn_2025-07-28.zip	2025-07-28	yes
Veneto	Treviso	TV_dbsn_2Z1b9F.zip	https://workspace.wikimedia.it/s/aHcBLxZLBarRwp2/download	https://www.igmi.org/scaricamento_dbsn_database/v202507/TV_dbsn_2Z1b9F.zip	2025-06-27	no
Veneto	Treviso	TV_dbsn_2025-07-28.zip	TODO	https://www.igmi.org/scaricamento_dbsn_database/v202507_1/TV_dbsn_2025-07-28.zip	2025-07-28	yes
Veneto	Venezia	VE_dbsn_7q7P1N.zip	https://workspace.wikimedia.it/s/wXFEzgoQmxNiPYc/download	https://www.igmi.org/scaricamento_dbsn_database/v202507/VE_dbsn_7q7P1N.zip	2025-06-27	no
Veneto	Venezia	VE_dbsn_2025-07-28.zip	TODO	https://www.igmi.org/scaricamento_dbsn_database/v202507_1/VE_dbsn_2025-07-28.zip	2025-07-28	yes
Veneto	Verona	VR_dbsn_4B7O2n.zip	https://workspace.wikimedia.it/s/Jzss2HAHGaPaHBo/download	https://www.igmi.org/scaricamento_dbsn_database/v202507/VR_dbsn_4B7O2n.zip	2025-06-27	no
Veneto	Verona	VR_dbsn_2025-07-28.zip	TODO	https://www.igmi.org/scaricamento_dbsn_database/v202507_1/VR_dbsn_2025-07-28.zip	2025-07-28	yes
Veneto	Vicenza	VI_dbsn_3W3j7J.zip	https://workspace.wikimedia.it/s/GYnGfG3Km6bmwJN/download	https://www.igmi.org/scaricamento_dbsn_database/v202507/VI_dbsn_3W3j7J.zip	2025-06-27	no
Veneto	Vicenza	VI_dbsn_2025-07-28.zip	TODO	https://www.igmi.org/scaricamento_dbsn_database/v202507_1/VI_dbsn_2025-07-28.zip	2025-07-28	yes
